5nottinghillbookshop,Bravo! vous avez remporté la lettre . Vous avez résolu l'énigme numéro 1
5coupdefoudreanottinghill,Bravo! vous avez remporté la lettre . Vous avez résolu l'énigme numéro 1
7werber,Bravo! vous avez remporté la lettre . Vous avez résolu l'énigme numéro 2
7bernardwerber,Bravo! vous avez remporté la lettre . Vous avez résolu l'énigme numéro 2
8werber,Bravo! vous avez remporté la lettre . Vous avez résolu l'énigme numéro 2
8bernardwerber,Bravo! vous avez remporté la lettre . Vous avez résolu l'énigme numéro 2
11barackobama,Bravo! vous avez remporté la lettre . Vous avez résolu l'énigme numéro 3
12besancon,Bravo! vous avez remporté la lettre . Vous avez résolu l'énigme numéro 4
14murdeplanck,Bravo! vous avez remporté la lettre . Vous avez résolu l'énigme numéro 5
16jacqueslefataliste,Bravo! vous avez remporté la lettre . Vous avez résolu l'énigme numéro 6
16jacquieetmichel,Bravo! vous avez remporté la lettre . Vous avez résolu l'énigme numéro 7
17facteurcheval,Bravo! vous avez remporté la lettre . Vous avez résolu l'énigme numéro 8
18metal,Bravo! vous avez remporté la lettre . Vous avez résolu l'énigme numéro 9
20dejardin,Bravo! vous avez remporté la lettre . Vous avez résolu l'énigme numéro 10
32cendrillon,Bravo! vous avez remporté la lettre . Vous avez résolu l'énigme numéro 11
38godemichet,Bravo! vous avez remporté la lettre . Vous avez résolu l'énigme numéro 12
47rrrrrrr,Bravo! vous avez remporté la lettre . Vous avez résolu l'énigme numéro 13
58lachevredemonsieurseguin,Bravo! vous avez remporté la lettre . Vous avez résolu l'énigme numéro 14
59belfort,Bravo! vous avez remporté la lettre . Vous avez résolu l'énigme numéro 15
59territoiredebelfort,Bravo! vous avez remporté la lettre . Vous avez résolu l'énigme numéro 15
63mathematique,Bravo! vous avez remporté la lettre . Vous avez résolu l'énigme numéro 16
63mathematiques,Bravo! vous avez remporté la lettre . Vous avez résolu l'énigme numéro 16
63maths,Bravo! vous avez remporté la lettre . Vous avez résolu l'énigme numéro 16
64mathematique,Bravo! vous avez remporté la lettre . Vous avez résolu l'énigme numéro 16
64mathematiques,Bravo! vous avez remporté la lettre . Vous avez résolu l'énigme numéro 16
64maths,Bravo! vous avez remporté la lettre . Vous avez résolu l'énigme numéro 16
69fleurs,Bravo! vous avez remporté la lettre . Vous avez résolu l'énigme numéro 17
69plantes,Bravo! vous avez remporté la lettre . Vous avez résolu l'énigme numéro 17
71jetaisderrieretoi,Bravo! vous avez remporté la lettre . Vous avez résolu l'énigme numéro 18
72aldebert,Bravo! vous avez remporté la lettre . Vous avez résolu l'énigme numéro 19
72guillaumealdebert,Bravo! vous avez remporté la lettre . Vous avez résolu l'énigme numéro 19
72cestcommentlahaut,Bravo! vous avez remporté la lettre . Vous avez résolu l'énigme numéro 19
103electricite,Bravo! vous avez remporté la lettre . Vous avez résolu l'énigme numéro 20
104zeroabsolu,Bravo! vous avez remporté la lettre . Vous avez résolu l'énigme numéro 21
104changementdetat,Bravo! vous avez remporté la lettre . Vous avez résolu l'énigme numéro 22
105changementdetat,Bravo! vous avez remporté la lettre . Vous avez résolu l'énigme numéro 22
105plateaudesmillesetangs,Bravo! vous avez remporté la lettre . Vous avez résolu l'énigme numéro 23
106plateaudesmillesetangs,Bravo! vous avez remporté la lettre . Vous avez résolu l'énigme numéro 23
122s,Bravo! vous avez remporté la lettre . Vous avez résolu l'énigme numéro 24
124franchecomte,Bravo! vous avez remporté la lettre . Vous avez résolu l'énigme numéro 25
138oscarwilde,Bravo! vous avez remporté la lettre . Vous avez résolu l'énigme numéro 26
158temps,Bravo! vous avez remporté la lettre . Vous avez résolu l'énigme numéro 27
159temps,Bravo! vous avez remporté la lettre . Vous avez résolu l'énigme numéro 27
170claire,Bravo! vous avez remporté la lettre . Vous avez résolu l'énigme numéro 28
170claireiloveyou,Bravo! vous avez remporté la lettre . Vous avez résolu l'énigme numéro 28
171claireiloveyou,Bravo! vous avez remporté la lettre . Vous avez résolu l'énigme numéro 28
171claire,Bravo! vous avez remporté la lettre . Vous avez résolu l'énigme numéro 28
213alcool,Bravo! vous avez remporté la lettre . Vous avez résolu l'énigme numéro 29
214alcool,Bravo! vous avez remporté la lettre . Vous avez résolu l'énigme numéro 29
227feu,Bravo! vous avez remporté la lettre . Vous avez résolu l'énigme numéro 30
231voile,Bravo! vous avez remporté la lettre . Vous avez résolu l'énigme numéro 31
231navigation,Bravo! vous avez remporté la lettre . Vous avez résolu l'énigme numéro 31
232proces,Bravo! vous avez remporté la lettre . Vous avez résolu l'énigme numéro 31
233proces,Bravo! vous avez remporté la lettre . Vous avez résolu l'énigme numéro 32
239jeu,Bravo! vous avez remporté la lettre . Vous avez résolu l'énigme numéro 33
240jeu,Bravo! vous avez remporté la lettre . Vous avez résolu l'énigme numéro 33
241boxe,Bravo! vous avez remporté la lettre . Vous avez résolu l'énigme numéro 34
241rocky,Bravo! vous avez remporté la lettre . Vous avez résolu l'énigme numéro 34
242boxe,Bravo! vous avez remporté la lettre . Vous avez résolu l'énigme numéro 34
242rocky,Bravo! vous avez remporté la lettre . Vous avez résolu l'énigme numéro 34
249vinyle,Bravo! vous avez remporté la lettre . Vous avez résolu l'énigme numéro 35
253dirac,Bravo! vous avez remporté la lettre . Vous avez résolu l'énigme numéro 36
253voiture,Bravo! vous avez remporté la lettre . Vous avez résolu l'énigme numéro 37
253automobile,Bravo! vous avez remporté la lettre . Vous avez résolu l'énigme numéro 37
254voiture,Bravo! vous avez remporté la lettre . Vous avez résolu l'énigme numéro 37
254automobile,Bravo! vous avez remporté la lettre . Vous avez résolu l'énigme numéro 37
271languagedessignes,Bravo! vous avez remporté la lettre . Vous avez résolu l'énigme numéro 38
276olympia,Bravo! vous avez remporté la lettre . Vous avez résolu l'énigme numéro 39
281badomens,Bravo! vous avez remporté la lettre . Vous avez résolu l'énigme numéro 40
282casino,Bravo! vous avez remporté la lettre . Vous avez résolu l'énigme numéro 41
283casino,Bravo! vous avez remporté la lettre . Vous avez résolu l'énigme numéro 41
291corrida,Bravo! vous avez remporté la lettre . Vous avez résolu l'énigme numéro 42
300guycorneau,Bravo! vous avez remporté la lettre . Vous avez résolu l'énigme numéro 43
312compostelle,Bravo! vous avez remporté la lettre . Vous avez résolu l'énigme numéro 44
313brewdog,Bravo! vous avez remporté la lettre . Vous avez résolu l'énigme numéro 45
313brewdogpunkipa,Bravo! vous avez remporté la lettre . Vous avez résolu l'énigme numéro 45
313punkipa,Bravo! vous avez remporté la lettre . Vous avez résolu l'énigme numéro 45
313nuxe,Bravo! vous avez remporté la lettre . Vous avez résolu l'énigme numéro 46
317iledelacite,Bravo! vous avez remporté la lettre . Vous avez résolu l'énigme numéro 47